<?xml version="1.0" encoding="UTF-8"?>
<GenRun Id="impl_1" LaunchPart="xc7a35tcsg324-1" LaunchTime="1500128942">
  <File Type="PWROPT-DRC" Name="Smart_responder_drc_pwropted.rpt"/>
  <File Type="OPT-METHODOLOGY-DRC" Name="Smart_responder_methodology_drc_opted.rpt"/>
  <File Type="INIT-TIMING" Name="Smart_responder_timing_summary_init.rpt"/>
  <File Type="ROUTE-PWR-RPX" Name="Smart_responder_power_routed.rpx"/>
  <File Type="PA-TCL" Name="Smart_responder.tcl"/>
  <File Type="OPT-HWDEF" Name="Smart_responder.hwdef"/>
  <File Type="RDI-RDI" Name="Smart_responder.vdi"/>
  <File Type="OPT-DCP" Name="Smart_responder_opt.dcp"/>
  <File Type="OPT-DRC" Name="Smart_responder_drc_opted.rpt"/>
  <File Type="OPT-TIMING" Name="Smart_responder_timing_summary_opted.rpt"/>
  <File Type="PWROPT-DCP" Name="Smart_responder_pwropt.dcp"/>
  <File Type="PWROPT-TIMING" Name="Smart_responder_timing_summary_pwropted.rpt"/>
  <File Type="PLACE-DCP" Name="Smart_responder_placed.dcp"/>
  <File Type="PLACE-IO" Name="Smart_responder_io_placed.rpt"/>
  <File Type="PLACE-CLK" Name="Smart_responder_clock_utilization_placed.rpt"/>
  <File Type="PLACE-UTIL" Name="Smart_responder_utilization_placed.rpt"/>
  <File Type="PLACE-UTIL-PB" Name="Smart_responder_utilization_placed.pb"/>
  <File Type="PLACE-CTRL" Name="Smart_responder_control_sets_placed.rpt"/>
  <File Type="PLACE-SIMILARITY" Name="Smart_responder_incremental_reuse_placed.rpt"/>
  <File Type="PLACE-PRE-SIMILARITY" Name="Smart_responder_incremental_reuse_pre_placed.rpt"/>
  <File Type="PLACE-TIMING" Name="Smart_responder_timing_summary_placed.rpt"/>
  <File Type="POSTPLACE-PWROPT-DCP" Name="Smart_responder_postplace_pwropt.dcp"/>
  <File Type="POSTPLACE-PWROPT-TIMING" Name="Smart_responder_timing_summary_postplace_pwropted.rpt"/>
  <File Type="PHYSOPT-DCP" Name="Smart_responder_physopt.dcp"/>
  <File Type="PHYSOPT-DRC" Name="Smart_responder_drc_physopted.rpt"/>
  <File Type="PHYSOPT-TIMING" Name="Smart_responder_timing_summary_physopted.rpt"/>
  <File Type="ROUTE-ERROR-DCP" Name="Smart_responder_routed_error.dcp"/>
  <File Type="ROUTE-DCP" Name="Smart_responder_routed.dcp"/>
  <File Type="ROUTE-BLACKBOX-DCP" Name="Smart_responder_routed_bb.dcp"/>
  <File Type="ROUTE-DRC" Name="Smart_responder_drc_routed.rpt"/>
  <File Type="ROUTE-DRC-PB" Name="Smart_responder_drc_routed.pb"/>
  <File Type="BG-BIN" Name="Smart_responder.bin"/>
  <File Type="ROUTE-DRC-RPX" Name="Smart_responder_drc_routed.rpx"/>
  <File Type="BG-DRC" Name="Smart_responder.drc"/>
  <File Type="ROUTE-METHODOLOGY-DRC" Name="Smart_responder_methodology_drc_routed.rpt"/>
  <File Type="BITSTR-MSK" Name="Smart_responder.msk"/>
  <File Type="ROUTE-METHODOLOGY-DRC-RPX" Name="Smart_responder_methodology_drc_routed.rpx"/>
  <File Type="BG-BGN" Name="Smart_responder.bgn"/>
  <File Type="ROUTE-METHODOLOGY-DRC-PB" Name="Smart_responder_methodology_drc_routed.pb"/>
  <File Type="ROUTE-PWR" Name="Smart_responder_power_routed.rpt"/>
  <File Type="ROUTE-PWR-SUM" Name="Smart_responder_power_summary_routed.pb"/>
  <File Type="ROUTE-STATUS" Name="Smart_responder_route_status.rpt"/>
  <File Type="ROUTE-STATUS-PB" Name="Smart_responder_route_status.pb"/>
  <File Type="ROUTE-TIMINGSUMMARY" Name="Smart_responder_timing_summary_routed.rpt"/>
  <File Type="ROUTE-TIMING-PB" Name="Smart_responder_timing_summary_routed.pb"/>
  <File Type="ROUTE-TIMING-RPX" Name="Smart_responder_timing_summary_routed.rpx"/>
  <File Type="ROUTE-SIMILARITY" Name="Smart_responder_incremental_reuse_routed.rpt"/>
  <File Type="ROUTE-CLK" Name="Smart_responder_clock_utilization_routed.rpt"/>
  <File Type="POSTROUTE-PHYSOPT-DCP" Name="Smart_responder_postroute_physopt.dcp"/>
  <File Type="POSTROUTE-PHYSOPT-BLACKBOX-DCP" Name="Smart_responder_postroute_physopt_bb.dcp"/>
  <File Type="POSTROUTE-PHYSOPT-TIMING" Name="Smart_responder_timing_summary_postroute_physopted.rpt"/>
  <File Type="POSTROUTE-PHYSOPT-TIMING-PB" Name="Smart_responder_timing_summary_postroute_physopted.pb"/>
  <File Type="POSTROUTE-PHYSOPT-TIMING-RPX" Name="Smart_responder_timing_summary_postroute_physopted.rpx"/>
  <File Type="BG-BIT" Name="Smart_responder.bit"/>
  <File Type="BITSTR-RBT" Name="Smart_responder.rbt"/>
  <File Type="BITSTR-NKY" Name="Smart_responder.nky"/>
  <File Type="BITSTR-BMM" Name="Smart_responder_bd.bmm"/>
  <File Type="BITSTR-MMI" Name="Smart_responder.mmi"/>
  <File Type="BITSTR-SYSDEF" Name="Smart_responder.sysdef"/>
  <File Type="WBT-USG" Name="usage_statistics_webtalk.html"/>
  <FileSet Name="sources" Type="DesignSrcs" RelSrcDir="$PSRCDIR/sources_1">
    <Filter Type="Srcs"/>
    <File Path="$PPRDIR/../../../3a-EGo1配置实验vivado2015.4_v1.2/Lab_2015.4_v1.2/project/lab2_Smart_responder.xpr/count_down.v">
      <FileInfo>
        <Attr Name="UsedIn" Val="synthesis"/>
        <Attr Name="UsedIn" Val="implementation"/>
        <Attr Name="UsedIn" Val="simulation"/>
      </FileInfo>
    </File>
    <File Path="$PPRDIR/../../../3a-EGo1配置实验vivado2015.4_v1.2/Lab_2015.4_v1.2/project/lab2_Smart_responder.xpr/push_detect.v">
      <FileInfo>
        <Attr Name="UsedIn" Val="synthesis"/>
        <Attr Name="UsedIn" Val="implementation"/>
        <Attr Name="UsedIn" Val="simulation"/>
      </FileInfo>
    </File>
    <File Path="$PPRDIR/../../../3a-EGo1配置实验vivado2015.4_v1.2/Lab_2015.4_v1.2/project/lab2_Smart_responder.xpr/show_who.v">
      <FileInfo>
        <Attr Name="UsedIn" Val="synthesis"/>
        <Attr Name="UsedIn" Val="implementation"/>
        <Attr Name="UsedIn" Val="simulation"/>
      </FileInfo>
    </File>
    <File Path="$PPRDIR/../../../3a-EGo1配置实验vivado2015.4_v1.2/Lab_2015.4_v1.2/project/lab2_Smart_responder.xpr/Smart_responder.v">
      <FileInfo>
        <Attr Name="UsedIn" Val="synthesis"/>
        <Attr Name="UsedIn" Val="implementation"/>
        <Attr Name="UsedIn" Val="simulation"/>
      </FileInfo>
    </File>
    <Config>
      <Option Name="DesignMode" Val="RTL"/>
      <Option Name="TopModule" Val="Smart_responder"/>
      <Option Name="TopAutoSet" Val="TRUE"/>
    </Config>
  </FileSet>
  <FileSet Name="constrs_in" Type="Constrs" RelSrcDir="$PSRCDIR/constrs_1">
    <Filter Type="Constrs"/>
    <File Path="$PPRDIR/../../../3a-EGo1配置实验vivado2015.4_v1.2/Lab_2015.4_v1.2/project/lab2_Smart_responder.xpr/Smart_responder.xdc">
      <FileInfo>
        <Attr Name="UsedIn" Val="synthesis"/>
        <Attr Name="UsedIn" Val="implementation"/>
      </FileInfo>
    </File>
    <Config>
      <Option Name="ConstrsType" Val="XDC"/>
    </Config>
  </FileSet>
  <Strategy Version="1" Minor="2">
    <StratHandle Name="Vivado Implementation Defaults" Flow="Vivado Implementation 2017">
      <Desc>Default settings for Implementation.</Desc>
    </StratHandle>
    <Step Id="init_design"/>
    <Step Id="opt_design"/>
    <Step Id="power_opt_design"/>
    <Step Id="place_design"/>
    <Step Id="post_place_power_opt_design"/>
    <Step Id="phys_opt_design"/>
    <Step Id="route_design"/>
    <Step Id="post_route_phys_opt_design"/>
    <Step Id="write_bitstream"/>
  </Strategy>
</GenRun>
