<?xml version="1.0" encoding="UTF-8"?>
<GenRun Id="synth_1" LaunchPart="xc7a35tcsg324-1" LaunchTime="1500355560">
  <File Type="RDS-PROPCONSTRS" Name="flash_led_top_drc_synth.rpt"/>
  <File Type="PA-TCL" Name="flash_led_top.tcl"/>
  <File Type="RDS-RDS" Name="flash_led_top.vds"/>
  <File Type="RDS-UTIL" Name="flash_led_top_utilization_synth.rpt"/>
  <File Type="RDS-UTIL-PB" Name="flash_led_top_utilization_synth.pb"/>
  <File Type="RDS-DCP" Name="flash_led_top.dcp"/>
  <File Type="VDS-TIMINGSUMMARY" Name="flash_led_top_timing_summary_synth.rpt"/>
  <File Type="VDS-TIMING-PB" Name="flash_led_top_timing_summary_synth.pb"/>
  <FileSet Name="sources" Type="DesignSrcs" RelSrcDir="$PSRCDIR/sources_1">
    <Filter Type="Srcs"/>
    <File Path="$PPRDIR/../../../3a-EGo1配置实验vivado2015.4_v1.2/Lab_2015.4_v1.2/source/lab1/counter.v">
      <FileInfo>
        <Attr Name="UsedIn" Val="synthesis"/>
        <Attr Name="UsedIn" Val="implementation"/>
        <Attr Name="UsedIn" Val="simulation"/>
      </FileInfo>
    </File>
    <File Path="$PPRDIR/../../../3a-EGo1配置实验vivado2015.4_v1.2/Lab_2015.4_v1.2/source/lab1/flash_led_ctl.v">
      <FileInfo>
        <Attr Name="UsedIn" Val="synthesis"/>
        <Attr Name="UsedIn" Val="implementation"/>
        <Attr Name="UsedIn" Val="simulation"/>
      </FileInfo>
    </File>
    <File Path="$PPRDIR/../../../3a-EGo1配置实验vivado2015.4_v1.2/Lab_2015.4_v1.2/source/lab1/flash_led_top.v">
      <FileInfo>
        <Attr Name="UsedIn" Val="synthesis"/>
        <Attr Name="UsedIn" Val="implementation"/>
        <Attr Name="UsedIn" Val="simulation"/>
      </FileInfo>
    </File>
    <Config>
      <Option Name="DesignMode" Val="RTL"/>
      <Option Name="TopModule" Val="flash_led_top"/>
      <Option Name="TopAutoSet" Val="TRUE"/>
    </Config>
  </FileSet>
  <FileSet Name="constrs_in" Type="Constrs" RelSrcDir="$PSRCDIR/constrs_1">
    <Filter Type="Constrs"/>
    <File Path="$PPRDIR/../../../3a-EGo1配置实验vivado2015.4_v1.2/Lab_2015.4_v1.2/source/lab1/constr/flash_led_top.xdc">
      <FileInfo>
        <Attr Name="UsedIn" Val="synthesis"/>
        <Attr Name="UsedIn" Val="implementation"/>
      </FileInfo>
    </File>
    <Config>
      <Option Name="ConstrsType" Val="XDC"/>
    </Config>
  </FileSet>
  <Strategy Version="1" Minor="2">
    <StratHandle Name="Vivado Synthesis Defaults" Flow="Vivado Synthesis 2017">
      <Desc>Vivado Synthesis Defaults</Desc>
    </StratHandle>
    <Step Id="synth_design"/>
  </Strategy>
</GenRun>
