<?xml version="1.0" encoding="UTF-8"?>
<GenRun Id="synth_1" LaunchPart="xc7a35tcsg324-1" LaunchTime="1499698737">
  <File Type="PA-TCL" Name="System_wrapper.tcl"/>
  <File Type="RDS-PROPCONSTRS" Name="System_wrapper_drc_synth.rpt"/>
  <File Type="RDS-RDS" Name="System_wrapper.vds"/>
  <File Type="RDS-UTIL" Name="System_wrapper_utilization_synth.rpt"/>
  <File Type="RDS-UTIL-PB" Name="System_wrapper_utilization_synth.pb"/>
  <File Type="RDS-DCP" Name="System_wrapper.dcp"/>
  <File Type="VDS-TIMINGSUMMARY" Name="System_wrapper_timing_summary_synth.rpt"/>
  <File Type="VDS-TIMING-PB" Name="System_wrapper_timing_summary_synth.pb"/>
  <FileSet Name="sources" Type="DesignSrcs" RelSrcDir="$PSRCDIR/sources_1">
    <Filter Type="Srcs"/>
    <File Path="$PSRCDIR/sources_1/bd/System/System.bd">
      <FileInfo>
        <Attr Name="UsedIn" Val="synthesis"/>
        <Attr Name="UsedIn" Val="implementation"/>
        <Attr Name="UsedIn" Val="simulation"/>
      </FileInfo>
    </File>
    <File Path="$PSRCDIR/sources_1/bd/System/hdl/System_wrapper.v">
      <FileInfo>
        <Attr Name="UsedIn" Val="synthesis"/>
        <Attr Name="UsedIn" Val="implementation"/>
        <Attr Name="UsedIn" Val="simulation"/>
      </FileInfo>
    </File>
    <Config>
      <Option Name="DesignMode" Val="RTL"/>
      <Option Name="TopModule" Val="System_wrapper"/>
      <Option Name="TopAutoSet" Val="TRUE"/>
    </Config>
  </FileSet>
  <FileSet Name="constrs_in" Type="Constrs" RelSrcDir="$PSRCDIR/constrs_1">
    <Filter Type="Constrs"/>
    <File Path="$PSRCDIR/constrs_1/new/MB.xdc">
      <FileInfo>
        <Attr Name="UsedIn" Val="synthesis"/>
        <Attr Name="UsedIn" Val="implementation"/>
      </FileInfo>
    </File>
    <Config>
      <Option Name="TargetConstrsFile" Val="$PSRCDIR/constrs_1/new/MB.xdc"/>
      <Option Name="ConstrsType" Val="XDC"/>
    </Config>
  </FileSet>
  <Strategy Version="1" Minor="2">
    <StratHandle Name="Vivado Synthesis Defaults" Flow="Vivado Synthesis 2017"/>
    <Step Id="synth_design"/>
  </Strategy>
  <BlockFileSet Type="BlockSrcs" Name="System_microblaze_0_0"/>
  <BlockFileSet Type="BlockSrcs" Name="System_axi_gpio_0_0"/>
  <BlockFileSet Type="BlockSrcs" Name="System_clk_wiz_1_0"/>
  <BlockFileSet Type="BlockSrcs" Name="System_axi_uartlite_0_0"/>
  <BlockFileSet Type="BlockSrcs" Name="System_rst_clk_wiz_1_100M_0"/>
  <BlockFileSet Type="BlockSrcs" Name="System_mdm_1_0"/>
  <BlockFileSet Type="BlockSrcs" Name="System_xlconstant_0_0"/>
  <BlockFileSet Type="BlockSrcs" Name="System_xbar_0"/>
  <BlockFileSet Type="BlockSrcs" Name="System_dlmb_v10_0"/>
  <BlockFileSet Type="BlockSrcs" Name="System_ilmb_v10_0"/>
  <BlockFileSet Type="BlockSrcs" Name="System_dlmb_bram_if_cntlr_0"/>
  <BlockFileSet Type="BlockSrcs" Name="System_ilmb_bram_if_cntlr_0"/>
  <BlockFileSet Type="BlockSrcs" Name="System_lmb_bram_0"/>
</GenRun>
