<?xml version="1.0" encoding="UTF-8"?>
<GenRun Id="impl_1" LaunchPart="xc7a35tcsg324-1" LaunchTime="1499707076">
  <File Type="PWROPT-DRC" Name="div_clk_drc_pwropted.rpt"/>
  <File Type="OPT-METHODOLOGY-DRC" Name="div_clk_methodology_drc_opted.rpt"/>
  <File Type="INIT-TIMING" Name="div_clk_timing_summary_init.rpt"/>
  <File Type="ROUTE-PWR-RPX" Name="div_clk_power_routed.rpx"/>
  <File Type="PA-TCL" Name="div_clk.tcl"/>
  <File Type="OPT-HWDEF" Name="div_clk.hwdef"/>
  <File Type="RDI-RDI" Name="div_clk.vdi"/>
  <File Type="OPT-DCP" Name="div_clk_opt.dcp"/>
  <File Type="OPT-DRC" Name="div_clk_drc_opted.rpt"/>
  <File Type="OPT-TIMING" Name="div_clk_timing_summary_opted.rpt"/>
  <File Type="PWROPT-DCP" Name="div_clk_pwropt.dcp"/>
  <File Type="PWROPT-TIMING" Name="div_clk_timing_summary_pwropted.rpt"/>
  <File Type="PLACE-DCP" Name="div_clk_placed.dcp"/>
  <File Type="PLACE-IO" Name="div_clk_io_placed.rpt"/>
  <File Type="PLACE-CLK" Name="div_clk_clock_utilization_placed.rpt"/>
  <File Type="PLACE-UTIL" Name="div_clk_utilization_placed.rpt"/>
  <File Type="PLACE-UTIL-PB" Name="div_clk_utilization_placed.pb"/>
  <File Type="PLACE-CTRL" Name="div_clk_control_sets_placed.rpt"/>
  <File Type="PLACE-SIMILARITY" Name="div_clk_incremental_reuse_placed.rpt"/>
  <File Type="PLACE-PRE-SIMILARITY" Name="div_clk_incremental_reuse_pre_placed.rpt"/>
  <File Type="PLACE-TIMING" Name="div_clk_timing_summary_placed.rpt"/>
  <File Type="POSTPLACE-PWROPT-DCP" Name="div_clk_postplace_pwropt.dcp"/>
  <File Type="POSTPLACE-PWROPT-TIMING" Name="div_clk_timing_summary_postplace_pwropted.rpt"/>
  <File Type="PHYSOPT-DCP" Name="div_clk_physopt.dcp"/>
  <File Type="PHYSOPT-DRC" Name="div_clk_drc_physopted.rpt"/>
  <File Type="PHYSOPT-TIMING" Name="div_clk_timing_summary_physopted.rpt"/>
  <File Type="ROUTE-ERROR-DCP" Name="div_clk_routed_error.dcp"/>
  <File Type="ROUTE-DCP" Name="div_clk_routed.dcp"/>
  <File Type="ROUTE-BLACKBOX-DCP" Name="div_clk_routed_bb.dcp"/>
  <File Type="ROUTE-DRC" Name="div_clk_drc_routed.rpt"/>
  <File Type="ROUTE-DRC-PB" Name="div_clk_drc_routed.pb"/>
  <File Type="BG-BIN" Name="div_clk.bin"/>
  <File Type="ROUTE-DRC-RPX" Name="div_clk_drc_routed.rpx"/>
  <File Type="BG-DRC" Name="div_clk.drc"/>
  <File Type="ROUTE-METHODOLOGY-DRC" Name="div_clk_methodology_drc_routed.rpt"/>
  <File Type="BITSTR-MSK" Name="div_clk.msk"/>
  <File Type="ROUTE-METHODOLOGY-DRC-RPX" Name="div_clk_methodology_drc_routed.rpx"/>
  <File Type="BG-BGN" Name="div_clk.bgn"/>
  <File Type="ROUTE-METHODOLOGY-DRC-PB" Name="div_clk_methodology_drc_routed.pb"/>
  <File Type="ROUTE-PWR" Name="div_clk_power_routed.rpt"/>
  <File Type="ROUTE-PWR-SUM" Name="div_clk_power_summary_routed.pb"/>
  <File Type="ROUTE-STATUS" Name="div_clk_route_status.rpt"/>
  <File Type="ROUTE-STATUS-PB" Name="div_clk_route_status.pb"/>
  <File Type="ROUTE-TIMINGSUMMARY" Name="div_clk_timing_summary_routed.rpt"/>
  <File Type="ROUTE-TIMING-PB" Name="div_clk_timing_summary_routed.pb"/>
  <File Type="ROUTE-TIMING-RPX" Name="div_clk_timing_summary_routed.rpx"/>
  <File Type="ROUTE-SIMILARITY" Name="div_clk_incremental_reuse_routed.rpt"/>
  <File Type="ROUTE-CLK" Name="div_clk_clock_utilization_routed.rpt"/>
  <File Type="POSTROUTE-PHYSOPT-DCP" Name="div_clk_postroute_physopt.dcp"/>
  <File Type="POSTROUTE-PHYSOPT-BLACKBOX-DCP" Name="div_clk_postroute_physopt_bb.dcp"/>
  <File Type="POSTROUTE-PHYSOPT-TIMING" Name="div_clk_timing_summary_postroute_physopted.rpt"/>
  <File Type="POSTROUTE-PHYSOPT-TIMING-PB" Name="div_clk_timing_summary_postroute_physopted.pb"/>
  <File Type="POSTROUTE-PHYSOPT-TIMING-RPX" Name="div_clk_timing_summary_postroute_physopted.rpx"/>
  <File Type="BG-BIT" Name="div_clk.bit"/>
  <File Type="BITSTR-RBT" Name="div_clk.rbt"/>
  <File Type="BITSTR-NKY" Name="div_clk.nky"/>
  <File Type="BITSTR-BMM" Name="div_clk_bd.bmm"/>
  <File Type="BITSTR-MMI" Name="div_clk.mmi"/>
  <File Type="BITSTR-SYSDEF" Name="div_clk.sysdef"/>
  <File Type="WBT-USG" Name="usage_statistics_webtalk.html"/>
  <FileSet Name="sources" Type="DesignSrcs" RelSrcDir="$PSRCDIR/sources_1">
    <Filter Type="Srcs"/>
    <File Path="$PSRCDIR/sources_1/new/dive_clk.v">
      <FileInfo>
        <Attr Name="UsedIn" Val="synthesis"/>
        <Attr Name="UsedIn" Val="implementation"/>
        <Attr Name="UsedIn" Val="simulation"/>
      </FileInfo>
    </File>
    <File Path="$PSRCDIR/sources_1/new/divo_clk.v">
      <FileInfo>
        <Attr Name="UsedIn" Val="synthesis"/>
        <Attr Name="UsedIn" Val="implementation"/>
        <Attr Name="UsedIn" Val="simulation"/>
      </FileInfo>
    </File>
    <File Path="$PSRCDIR/sources_1/new/div_clk.v">
      <FileInfo>
        <Attr Name="UsedIn" Val="synthesis"/>
        <Attr Name="UsedIn" Val="implementation"/>
        <Attr Name="UsedIn" Val="simulation"/>
      </FileInfo>
    </File>
    <Config>
      <Option Name="DesignMode" Val="RTL"/>
      <Option Name="TopModule" Val="div_clk"/>
      <Option Name="TopAutoSet" Val="TRUE"/>
    </Config>
  </FileSet>
  <FileSet Name="constrs_in" Type="Constrs" RelSrcDir="$PSRCDIR/constrs_1">
    <Filter Type="Constrs"/>
    <File Path="$PSRCDIR/constrs_1/new/IO.xdc">
      <FileInfo>
        <Attr Name="UsedIn" Val="synthesis"/>
        <Attr Name="UsedIn" Val="implementation"/>
      </FileInfo>
    </File>
    <Config>
      <Option Name="ConstrsType" Val="XDC"/>
    </Config>
  </FileSet>
  <Strategy Version="1" Minor="2">
    <StratHandle Name="Vivado Implementation Defaults" Flow="Vivado Implementation 2017"/>
    <Step Id="init_design"/>
    <Step Id="opt_design"/>
    <Step Id="power_opt_design"/>
    <Step Id="place_design"/>
    <Step Id="post_place_power_opt_design"/>
    <Step Id="phys_opt_design"/>
    <Step Id="route_design"/>
    <Step Id="post_route_phys_opt_design"/>
    <Step Id="write_bitstream"/>
  </Strategy>
</GenRun>
