<?xml version="1.0" encoding="UTF-8"?>
<GenRun Id="impl_1" LaunchPart="xc7a35tcsg324-1" LaunchTime="1499696981">
  <File Type="ROUTE-PWR-RPX" Name="bt_uart_power_routed.rpx"/>
  <File Type="PA-TCL" Name="bt_uart.tcl"/>
  <File Type="INIT-TIMING" Name="bt_uart_timing_summary_init.rpt"/>
  <File Type="OPT-METHODOLOGY-DRC" Name="bt_uart_methodology_drc_opted.rpt"/>
  <File Type="PWROPT-DRC" Name="bt_uart_drc_pwropted.rpt"/>
  <File Type="RDI-RDI" Name="bt_uart.vdi"/>
  <File Type="OPT-DCP" Name="bt_uart_opt.dcp"/>
  <File Type="OPT-HWDEF" Name="bt_uart.hwdef"/>
  <File Type="OPT-DRC" Name="bt_uart_drc_opted.rpt"/>
  <File Type="OPT-TIMING" Name="bt_uart_timing_summary_opted.rpt"/>
  <File Type="PWROPT-DCP" Name="bt_uart_pwropt.dcp"/>
  <File Type="PWROPT-TIMING" Name="bt_uart_timing_summary_pwropted.rpt"/>
  <File Type="PLACE-DCP" Name="bt_uart_placed.dcp"/>
  <File Type="PLACE-IO" Name="bt_uart_io_placed.rpt"/>
  <File Type="PLACE-CLK" Name="bt_uart_clock_utilization_placed.rpt"/>
  <File Type="PLACE-UTIL" Name="bt_uart_utilization_placed.rpt"/>
  <File Type="PLACE-UTIL-PB" Name="bt_uart_utilization_placed.pb"/>
  <File Type="PLACE-CTRL" Name="bt_uart_control_sets_placed.rpt"/>
  <File Type="PLACE-SIMILARITY" Name="bt_uart_incremental_reuse_placed.rpt"/>
  <File Type="PLACE-PRE-SIMILARITY" Name="bt_uart_incremental_reuse_pre_placed.rpt"/>
  <File Type="PLACE-TIMING" Name="bt_uart_timing_summary_placed.rpt"/>
  <File Type="POSTPLACE-PWROPT-DCP" Name="bt_uart_postplace_pwropt.dcp"/>
  <File Type="POSTPLACE-PWROPT-TIMING" Name="bt_uart_timing_summary_postplace_pwropted.rpt"/>
  <File Type="PHYSOPT-DCP" Name="bt_uart_physopt.dcp"/>
  <File Type="PHYSOPT-DRC" Name="bt_uart_drc_physopted.rpt"/>
  <File Type="PHYSOPT-TIMING" Name="bt_uart_timing_summary_physopted.rpt"/>
  <File Type="ROUTE-ERROR-DCP" Name="bt_uart_routed_error.dcp"/>
  <File Type="ROUTE-DCP" Name="bt_uart_routed.dcp"/>
  <File Type="ROUTE-BLACKBOX-DCP" Name="bt_uart_routed_bb.dcp"/>
  <File Type="ROUTE-DRC" Name="bt_uart_drc_routed.rpt"/>
  <File Type="ROUTE-DRC-PB" Name="bt_uart_drc_routed.pb"/>
  <File Type="ROUTE-DRC-RPX" Name="bt_uart_drc_routed.rpx"/>
  <File Type="BG-BIN" Name="bt_uart.bin"/>
  <File Type="ROUTE-METHODOLOGY-DRC" Name="bt_uart_methodology_drc_routed.rpt"/>
  <File Type="BG-DRC" Name="bt_uart.drc"/>
  <File Type="ROUTE-METHODOLOGY-DRC-RPX" Name="bt_uart_methodology_drc_routed.rpx"/>
  <File Type="BITSTR-MSK" Name="bt_uart.msk"/>
  <File Type="ROUTE-METHODOLOGY-DRC-PB" Name="bt_uart_methodology_drc_routed.pb"/>
  <File Type="BG-BGN" Name="bt_uart.bgn"/>
  <File Type="ROUTE-PWR" Name="bt_uart_power_routed.rpt"/>
  <File Type="ROUTE-PWR-SUM" Name="bt_uart_power_summary_routed.pb"/>
  <File Type="ROUTE-STATUS" Name="bt_uart_route_status.rpt"/>
  <File Type="ROUTE-STATUS-PB" Name="bt_uart_route_status.pb"/>
  <File Type="ROUTE-TIMINGSUMMARY" Name="bt_uart_timing_summary_routed.rpt"/>
  <File Type="ROUTE-TIMING-PB" Name="bt_uart_timing_summary_routed.pb"/>
  <File Type="ROUTE-TIMING-RPX" Name="bt_uart_timing_summary_routed.rpx"/>
  <File Type="ROUTE-SIMILARITY" Name="bt_uart_incremental_reuse_routed.rpt"/>
  <File Type="ROUTE-CLK" Name="bt_uart_clock_utilization_routed.rpt"/>
  <File Type="POSTROUTE-PHYSOPT-DCP" Name="bt_uart_postroute_physopt.dcp"/>
  <File Type="POSTROUTE-PHYSOPT-BLACKBOX-DCP" Name="bt_uart_postroute_physopt_bb.dcp"/>
  <File Type="POSTROUTE-PHYSOPT-TIMING" Name="bt_uart_timing_summary_postroute_physopted.rpt"/>
  <File Type="POSTROUTE-PHYSOPT-TIMING-PB" Name="bt_uart_timing_summary_postroute_physopted.pb"/>
  <File Type="POSTROUTE-PHYSOPT-TIMING-RPX" Name="bt_uart_timing_summary_postroute_physopted.rpx"/>
  <File Type="BG-BIT" Name="bt_uart.bit"/>
  <File Type="BITSTR-RBT" Name="bt_uart.rbt"/>
  <File Type="BITSTR-NKY" Name="bt_uart.nky"/>
  <File Type="BITSTR-BMM" Name="bt_uart_bd.bmm"/>
  <File Type="BITSTR-MMI" Name="bt_uart.mmi"/>
  <File Type="BITSTR-SYSDEF" Name="bt_uart.sysdef"/>
  <File Type="WBT-USG" Name="usage_statistics_webtalk.html"/>
  <FileSet Name="sources" Type="DesignSrcs" RelSrcDir="$PSRCDIR/sources_1">
    <Filter Type="Srcs"/>
    <File Path="$PSRCDIR/sources_1/new/clk_div.v">
      <FileInfo>
        <Attr Name="UsedIn" Val="synthesis"/>
        <Attr Name="UsedIn" Val="implementation"/>
        <Attr Name="UsedIn" Val="simulation"/>
      </FileInfo>
    </File>
    <File Path="$PSRCDIR/sources_1/new/clk_gen.v">
      <FileInfo>
        <Attr Name="UsedIn" Val="synthesis"/>
        <Attr Name="UsedIn" Val="implementation"/>
        <Attr Name="UsedIn" Val="simulation"/>
      </FileInfo>
    </File>
    <File Path="$PSRCDIR/sources_1/new/cmd_parse.v">
      <FileInfo>
        <Attr Name="UsedIn" Val="synthesis"/>
        <Attr Name="UsedIn" Val="implementation"/>
        <Attr Name="UsedIn" Val="simulation"/>
      </FileInfo>
    </File>
    <File Path="$PSRCDIR/sources_1/new/debouncer.v">
      <FileInfo>
        <Attr Name="UsedIn" Val="synthesis"/>
        <Attr Name="UsedIn" Val="implementation"/>
        <Attr Name="UsedIn" Val="simulation"/>
      </FileInfo>
    </File>
    <File Path="$PSRCDIR/sources_1/new/lb_ctl.v">
      <FileInfo>
        <Attr Name="UsedIn" Val="synthesis"/>
        <Attr Name="UsedIn" Val="implementation"/>
        <Attr Name="UsedIn" Val="simulation"/>
      </FileInfo>
    </File>
    <File Path="$PSRCDIR/sources_1/new/meta_harden.v">
      <FileInfo>
        <Attr Name="UsedIn" Val="synthesis"/>
        <Attr Name="UsedIn" Val="implementation"/>
        <Attr Name="UsedIn" Val="simulation"/>
      </FileInfo>
    </File>
    <File Path="$PSRCDIR/sources_1/new/reset_bridge.v">
      <FileInfo>
        <Attr Name="UsedIn" Val="synthesis"/>
        <Attr Name="UsedIn" Val="implementation"/>
        <Attr Name="UsedIn" Val="simulation"/>
      </FileInfo>
    </File>
    <File Path="$PSRCDIR/sources_1/new/resp_gen.v">
      <FileInfo>
        <Attr Name="UsedIn" Val="synthesis"/>
        <Attr Name="UsedIn" Val="implementation"/>
        <Attr Name="UsedIn" Val="simulation"/>
      </FileInfo>
    </File>
    <File Path="$PSRCDIR/sources_1/new/rst_gen.v">
      <FileInfo>
        <Attr Name="UsedIn" Val="synthesis"/>
        <Attr Name="UsedIn" Val="implementation"/>
        <Attr Name="UsedIn" Val="simulation"/>
      </FileInfo>
    </File>
    <File Path="$PSRCDIR/sources_1/new/seg7decimal.v">
      <FileInfo>
        <Attr Name="UsedIn" Val="synthesis"/>
        <Attr Name="UsedIn" Val="implementation"/>
        <Attr Name="UsedIn" Val="simulation"/>
      </FileInfo>
    </File>
    <File Path="$PSRCDIR/sources_1/new/to_bcd.v">
      <FileInfo>
        <Attr Name="UsedIn" Val="synthesis"/>
        <Attr Name="UsedIn" Val="implementation"/>
        <Attr Name="UsedIn" Val="simulation"/>
      </FileInfo>
    </File>
    <File Path="$PSRCDIR/sources_1/new/uart_baud_gen.v">
      <FileInfo>
        <Attr Name="UsedIn" Val="synthesis"/>
        <Attr Name="UsedIn" Val="implementation"/>
        <Attr Name="UsedIn" Val="simulation"/>
      </FileInfo>
    </File>
    <File Path="$PSRCDIR/sources_1/new/uart_rx.v">
      <FileInfo>
        <Attr Name="UsedIn" Val="synthesis"/>
        <Attr Name="UsedIn" Val="implementation"/>
        <Attr Name="UsedIn" Val="simulation"/>
      </FileInfo>
    </File>
    <File Path="$PSRCDIR/sources_1/new/uart_rx_ctl.v">
      <FileInfo>
        <Attr Name="UsedIn" Val="synthesis"/>
        <Attr Name="UsedIn" Val="implementation"/>
        <Attr Name="UsedIn" Val="simulation"/>
      </FileInfo>
    </File>
    <File Path="$PSRCDIR/sources_1/new/uart_tx.v">
      <FileInfo>
        <Attr Name="UsedIn" Val="synthesis"/>
        <Attr Name="UsedIn" Val="implementation"/>
        <Attr Name="UsedIn" Val="simulation"/>
      </FileInfo>
    </File>
    <File Path="$PSRCDIR/sources_1/new/uart_tx_ctl.v">
      <FileInfo>
        <Attr Name="UsedIn" Val="synthesis"/>
        <Attr Name="UsedIn" Val="implementation"/>
        <Attr Name="UsedIn" Val="simulation"/>
      </FileInfo>
    </File>
    <File Path="$PSRCDIR/sources_1/new/bt_uart.v">
      <FileInfo>
        <Attr Name="UsedIn" Val="synthesis"/>
        <Attr Name="UsedIn" Val="implementation"/>
        <Attr Name="UsedIn" Val="simulation"/>
      </FileInfo>
    </File>
    <File Path="$PSRCDIR/sources_1/new/clogb2.txt"/>
    <Config>
      <Option Name="DesignMode" Val="RTL"/>
      <Option Name="TopModule" Val="bt_uart"/>
      <Option Name="TopAutoSet" Val="TRUE"/>
    </Config>
  </FileSet>
  <FileSet Name="constrs_in" Type="Constrs" RelSrcDir="$PSRCDIR/constrs_1">
    <Filter Type="Constrs"/>
    <File Path="$PSRCDIR/constrs_1/new/bt_uart_EGo.xdc">
      <FileInfo>
        <Attr Name="UsedIn" Val="synthesis"/>
        <Attr Name="UsedIn" Val="implementation"/>
      </FileInfo>
    </File>
    <Config>
      <Option Name="ConstrsType" Val="XDC"/>
    </Config>
  </FileSet>
  <Strategy Version="1" Minor="2">
    <StratHandle Name="Vivado Implementation Defaults" Flow="Vivado Implementation 2017"/>
    <Step Id="init_design"/>
    <Step Id="opt_design"/>
    <Step Id="power_opt_design"/>
    <Step Id="place_design"/>
    <Step Id="post_place_power_opt_design"/>
    <Step Id="phys_opt_design"/>
    <Step Id="route_design"/>
    <Step Id="post_route_phys_opt_design"/>
    <Step Id="write_bitstream"/>
  </Strategy>
  <BlockFileSet Type="BlockSrcs" Name="clk_core"/>
  <BlockFileSet Type="BlockSrcs" Name="char_fifo"/>
</GenRun>
