<?xml version="1.0" encoding="UTF-8"?>
<GenRun Id="clk_core_synth_1" LaunchPart="xc7a35tcsg324-1" LaunchTime="1499695223">
  <File Type="PA-TCL" Name="clk_core.tcl"/>
  <File Type="RDS-PROPCONSTRS" Name="clk_core_drc_synth.rpt"/>
  <File Type="RDS-RDS" Name="clk_core.vds"/>
  <File Type="RDS-UTIL" Name="clk_core_utilization_synth.rpt"/>
  <File Type="RDS-UTIL-PB" Name="clk_core_utilization_synth.pb"/>
  <File Type="RDS-DCP" Name="clk_core.dcp"/>
  <File Type="VDS-TIMINGSUMMARY" Name="clk_core_timing_summary_synth.rpt"/>
  <File Type="VDS-TIMING-PB" Name="clk_core_timing_summary_synth.pb"/>
  <FileSet Name="sources" Type="BlockSrcs" RelSrcDir="$PSRCDIR/clk_core">
    <File Path="$PSRCDIR/sources_1/ip/clk_core/clk_core.xci">
      <FileInfo>
        <Attr Name="UsedIn" Val="synthesis"/>
        <Attr Name="UsedIn" Val="implementation"/>
        <Attr Name="UsedIn" Val="simulation"/>
      </FileInfo>
    </File>
    <Config>
      <Option Name="TopModule" Val="clk_core"/>
      <Option Name="UseBlackboxStub" Val="1"/>
    </Config>
  </FileSet>
  <FileSet Name="constrs_in" Type="BlockSrcs" RelSrcDir="$PSRCDIR/clk_core">
    <File Path="$PSRCDIR/sources_1/ip/clk_core/clk_core.xci">
      <FileInfo>
        <Attr Name="UsedIn" Val="synthesis"/>
        <Attr Name="UsedIn" Val="implementation"/>
        <Attr Name="UsedIn" Val="simulation"/>
      </FileInfo>
    </File>
    <Config>
      <Option Name="TopModule" Val="clk_core"/>
      <Option Name="UseBlackboxStub" Val="1"/>
    </Config>
  </FileSet>
  <Strategy Version="1" Minor="2">
    <StratHandle Name="Vivado Synthesis Defaults" Flow="Vivado Synthesis 2017"/>
    <Step Id="synth_design"/>
  </Strategy>
</GenRun>
