<?xml version="1.0" encoding="UTF-8"?>
<GenRun Id="char_fifo_synth_1" LaunchPart="xc7a35tcsg324-1" LaunchTime="1499695223">
  <File Type="PA-TCL" Name="char_fifo.tcl"/>
  <File Type="RDS-PROPCONSTRS" Name="char_fifo_drc_synth.rpt"/>
  <File Type="RDS-RDS" Name="char_fifo.vds"/>
  <File Type="RDS-UTIL" Name="char_fifo_utilization_synth.rpt"/>
  <File Type="RDS-UTIL-PB" Name="char_fifo_utilization_synth.pb"/>
  <File Type="RDS-DCP" Name="char_fifo.dcp"/>
  <File Type="VDS-TIMINGSUMMARY" Name="char_fifo_timing_summary_synth.rpt"/>
  <File Type="VDS-TIMING-PB" Name="char_fifo_timing_summary_synth.pb"/>
  <FileSet Name="sources" Type="BlockSrcs" RelSrcDir="$PSRCDIR/char_fifo">
    <File Path="$PSRCDIR/sources_1/ip/char_fifo/char_fifo.xci">
      <FileInfo>
        <Attr Name="UsedIn" Val="synthesis"/>
        <Attr Name="UsedIn" Val="implementation"/>
        <Attr Name="UsedIn" Val="simulation"/>
      </FileInfo>
    </File>
    <Config>
      <Option Name="TopModule" Val="char_fifo"/>
      <Option Name="UseBlackboxStub" Val="1"/>
    </Config>
  </FileSet>
  <FileSet Name="constrs_in" Type="BlockSrcs" RelSrcDir="$PSRCDIR/char_fifo">
    <File Path="$PSRCDIR/sources_1/ip/char_fifo/char_fifo.xci">
      <FileInfo>
        <Attr Name="UsedIn" Val="synthesis"/>
        <Attr Name="UsedIn" Val="implementation"/>
        <Attr Name="UsedIn" Val="simulation"/>
      </FileInfo>
    </File>
    <Config>
      <Option Name="TopModule" Val="char_fifo"/>
      <Option Name="UseBlackboxStub" Val="1"/>
    </Config>
  </FileSet>
  <Strategy Version="1" Minor="2">
    <StratHandle Name="Vivado Synthesis Defaults" Flow="Vivado Synthesis 2017"/>
    <Step Id="synth_design"/>
  </Strategy>
</GenRun>
