<?xml version="1.0" encoding="UTF-8"?>
<GenRun Id="impl_1" LaunchPart="xc7a35tcsg324-1" LaunchTime="1500208181">
  <File Type="PWROPT-DRC" Name="top_flyinglogo_drc_pwropted.rpt"/>
  <File Type="OPT-METHODOLOGY-DRC" Name="top_flyinglogo_methodology_drc_opted.rpt"/>
  <File Type="INIT-TIMING" Name="top_flyinglogo_timing_summary_init.rpt"/>
  <File Type="ROUTE-PWR-RPX" Name="top_flyinglogo_power_routed.rpx"/>
  <File Type="PA-TCL" Name="top_flyinglogo.tcl"/>
  <File Type="OPT-HWDEF" Name="top_flyinglogo.hwdef"/>
  <File Type="RDI-RDI" Name="top_flyinglogo.vdi"/>
  <File Type="OPT-DCP" Name="top_flyinglogo_opt.dcp"/>
  <File Type="OPT-DRC" Name="top_flyinglogo_drc_opted.rpt"/>
  <File Type="OPT-TIMING" Name="top_flyinglogo_timing_summary_opted.rpt"/>
  <File Type="PWROPT-DCP" Name="top_flyinglogo_pwropt.dcp"/>
  <File Type="PWROPT-TIMING" Name="top_flyinglogo_timing_summary_pwropted.rpt"/>
  <File Type="PLACE-DCP" Name="top_flyinglogo_placed.dcp"/>
  <File Type="PLACE-IO" Name="top_flyinglogo_io_placed.rpt"/>
  <File Type="PLACE-CLK" Name="top_flyinglogo_clock_utilization_placed.rpt"/>
  <File Type="PLACE-UTIL" Name="top_flyinglogo_utilization_placed.rpt"/>
  <File Type="PLACE-UTIL-PB" Name="top_flyinglogo_utilization_placed.pb"/>
  <File Type="PLACE-CTRL" Name="top_flyinglogo_control_sets_placed.rpt"/>
  <File Type="PLACE-SIMILARITY" Name="top_flyinglogo_incremental_reuse_placed.rpt"/>
  <File Type="PLACE-PRE-SIMILARITY" Name="top_flyinglogo_incremental_reuse_pre_placed.rpt"/>
  <File Type="PLACE-TIMING" Name="top_flyinglogo_timing_summary_placed.rpt"/>
  <File Type="POSTPLACE-PWROPT-DCP" Name="top_flyinglogo_postplace_pwropt.dcp"/>
  <File Type="POSTPLACE-PWROPT-TIMING" Name="top_flyinglogo_timing_summary_postplace_pwropted.rpt"/>
  <File Type="PHYSOPT-DCP" Name="top_flyinglogo_physopt.dcp"/>
  <File Type="PHYSOPT-DRC" Name="top_flyinglogo_drc_physopted.rpt"/>
  <File Type="PHYSOPT-TIMING" Name="top_flyinglogo_timing_summary_physopted.rpt"/>
  <File Type="ROUTE-ERROR-DCP" Name="top_flyinglogo_routed_error.dcp"/>
  <File Type="ROUTE-DCP" Name="top_flyinglogo_routed.dcp"/>
  <File Type="ROUTE-BLACKBOX-DCP" Name="top_flyinglogo_routed_bb.dcp"/>
  <File Type="ROUTE-DRC" Name="top_flyinglogo_drc_routed.rpt"/>
  <File Type="ROUTE-DRC-PB" Name="top_flyinglogo_drc_routed.pb"/>
  <File Type="BG-BIN" Name="top_flyinglogo.bin"/>
  <File Type="ROUTE-DRC-RPX" Name="top_flyinglogo_drc_routed.rpx"/>
  <File Type="BG-DRC" Name="top_flyinglogo.drc"/>
  <File Type="ROUTE-METHODOLOGY-DRC" Name="top_flyinglogo_methodology_drc_routed.rpt"/>
  <File Type="BITSTR-MSK" Name="top_flyinglogo.msk"/>
  <File Type="ROUTE-METHODOLOGY-DRC-RPX" Name="top_flyinglogo_methodology_drc_routed.rpx"/>
  <File Type="BG-BGN" Name="top_flyinglogo.bgn"/>
  <File Type="ROUTE-METHODOLOGY-DRC-PB" Name="top_flyinglogo_methodology_drc_routed.pb"/>
  <File Type="ROUTE-PWR" Name="top_flyinglogo_power_routed.rpt"/>
  <File Type="ROUTE-PWR-SUM" Name="top_flyinglogo_power_summary_routed.pb"/>
  <File Type="ROUTE-STATUS" Name="top_flyinglogo_route_status.rpt"/>
  <File Type="ROUTE-STATUS-PB" Name="top_flyinglogo_route_status.pb"/>
  <File Type="ROUTE-TIMINGSUMMARY" Name="top_flyinglogo_timing_summary_routed.rpt"/>
  <File Type="ROUTE-TIMING-PB" Name="top_flyinglogo_timing_summary_routed.pb"/>
  <File Type="ROUTE-TIMING-RPX" Name="top_flyinglogo_timing_summary_routed.rpx"/>
  <File Type="ROUTE-SIMILARITY" Name="top_flyinglogo_incremental_reuse_routed.rpt"/>
  <File Type="ROUTE-CLK" Name="top_flyinglogo_clock_utilization_routed.rpt"/>
  <File Type="POSTROUTE-PHYSOPT-DCP" Name="top_flyinglogo_postroute_physopt.dcp"/>
  <File Type="POSTROUTE-PHYSOPT-BLACKBOX-DCP" Name="top_flyinglogo_postroute_physopt_bb.dcp"/>
  <File Type="POSTROUTE-PHYSOPT-TIMING" Name="top_flyinglogo_timing_summary_postroute_physopted.rpt"/>
  <File Type="POSTROUTE-PHYSOPT-TIMING-PB" Name="top_flyinglogo_timing_summary_postroute_physopted.pb"/>
  <File Type="POSTROUTE-PHYSOPT-TIMING-RPX" Name="top_flyinglogo_timing_summary_postroute_physopted.rpx"/>
  <File Type="BG-BIT" Name="top_flyinglogo.bit"/>
  <File Type="BITSTR-RBT" Name="top_flyinglogo.rbt"/>
  <File Type="BITSTR-NKY" Name="top_flyinglogo.nky"/>
  <File Type="BITSTR-BMM" Name="top_flyinglogo_bd.bmm"/>
  <File Type="BITSTR-MMI" Name="top_flyinglogo.mmi"/>
  <File Type="BITSTR-SYSDEF" Name="top_flyinglogo.sysdef"/>
  <File Type="WBT-USG" Name="usage_statistics_webtalk.html"/>
  <FileSet Name="sources" Type="DesignSrcs" RelSrcDir="$PSRCDIR/sources_1">
    <Filter Type="Srcs"/>
    <File Path="$PPRDIR/../../../3a-EGo1配置实验vivado2015.4_v1.2/Lab_2015.4_v1.2/project/lab6_display_vga.xpr/debounce.v">
      <FileInfo>
        <Attr Name="UsedIn" Val="synthesis"/>
        <Attr Name="UsedIn" Val="implementation"/>
        <Attr Name="UsedIn" Val="simulation"/>
      </FileInfo>
    </File>
    <File Path="$PPRDIR/../../../3a-EGo1配置实验vivado2015.4_v1.2/Lab_2015.4_v1.2/project/lab6_display_vga.xpr/vga_timing.v">
      <FileInfo>
        <Attr Name="UsedIn" Val="synthesis"/>
        <Attr Name="UsedIn" Val="implementation"/>
        <Attr Name="UsedIn" Val="simulation"/>
      </FileInfo>
    </File>
    <File Path="$PPRDIR/../../../3a-EGo1配置实验vivado2015.4_v1.2/Lab_2015.4_v1.2/project/lab6_display_vga.xpr/top_flyinglogo.v">
      <FileInfo>
        <Attr Name="UsedIn" Val="synthesis"/>
        <Attr Name="UsedIn" Val="implementation"/>
        <Attr Name="UsedIn" Val="simulation"/>
      </FileInfo>
    </File>
    <File Path="$PPRDIR/test7.coe">
      <FileInfo>
        <Attr Name="UsedIn" Val="synthesis"/>
        <Attr Name="UsedIn" Val="simulation"/>
      </FileInfo>
    </File>
    <Config>
      <Option Name="DesignMode" Val="RTL"/>
      <Option Name="TopModule" Val="top_flyinglogo"/>
      <Option Name="TopAutoSet" Val="TRUE"/>
    </Config>
  </FileSet>
  <FileSet Name="constrs_in" Type="Constrs" RelSrcDir="$PSRCDIR/constrs_1">
    <Filter Type="Constrs"/>
    <File Path="$PSRCDIR/constrs_1/new/display_vga.xdc">
      <FileInfo>
        <Attr Name="UsedIn" Val="synthesis"/>
        <Attr Name="UsedIn" Val="implementation"/>
      </FileInfo>
    </File>
    <Config>
      <Option Name="TargetConstrsFile" Val="$PSRCDIR/constrs_1/new/display_vga.xdc"/>
      <Option Name="ConstrsType" Val="XDC"/>
    </Config>
  </FileSet>
  <Strategy Version="1" Minor="2">
    <StratHandle Name="Vivado Implementation Defaults" Flow="Vivado Implementation 2017">
      <Desc>Default settings for Implementation.</Desc>
    </StratHandle>
    <Step Id="init_design"/>
    <Step Id="opt_design"/>
    <Step Id="power_opt_design"/>
    <Step Id="place_design"/>
    <Step Id="post_place_power_opt_design"/>
    <Step Id="phys_opt_design"/>
    <Step Id="route_design"/>
    <Step Id="post_route_phys_opt_design"/>
    <Step Id="write_bitstream"/>
  </Strategy>
  <BlockFileSet Type="BlockSrcs" Name="dcm_25m"/>
  <BlockFileSet Type="BlockSrcs" Name="logo_rom"/>
</GenRun>
