<?xml version="1.0" encoding="UTF-8"?>
<GenRun Id="logo_rom_synth_1" LaunchPart="xc7a35tcsg324-1" LaunchTime="1500207211">
  <File Type="RDS-PROPCONSTRS" Name="logo_rom_drc_synth.rpt"/>
  <File Type="PA-TCL" Name="logo_rom.tcl"/>
  <File Type="RDS-RDS" Name="logo_rom.vds"/>
  <File Type="RDS-UTIL" Name="logo_rom_utilization_synth.rpt"/>
  <File Type="RDS-UTIL-PB" Name="logo_rom_utilization_synth.pb"/>
  <File Type="RDS-DCP" Name="logo_rom.dcp"/>
  <File Type="VDS-TIMINGSUMMARY" Name="logo_rom_timing_summary_synth.rpt"/>
  <File Type="VDS-TIMING-PB" Name="logo_rom_timing_summary_synth.pb"/>
  <FileSet Name="sources" Type="BlockSrcs" RelSrcDir="$PSRCDIR/logo_rom">
    <File Path="$PSRCDIR/sources_1/ip/logo_rom/logo_rom.xci">
      <FileInfo>
        <Attr Name="UsedIn" Val="synthesis"/>
        <Attr Name="UsedIn" Val="implementation"/>
        <Attr Name="UsedIn" Val="simulation"/>
      </FileInfo>
    </File>
    <Config>
      <Option Name="TopModule" Val="logo_rom"/>
      <Option Name="UseBlackboxStub" Val="1"/>
    </Config>
  </FileSet>
  <FileSet Name="constrs_in" Type="BlockSrcs" RelSrcDir="$PSRCDIR/logo_rom">
    <File Path="$PSRCDIR/sources_1/ip/logo_rom/logo_rom.xci">
      <FileInfo>
        <Attr Name="UsedIn" Val="synthesis"/>
        <Attr Name="UsedIn" Val="implementation"/>
        <Attr Name="UsedIn" Val="simulation"/>
      </FileInfo>
    </File>
    <Config>
      <Option Name="TopModule" Val="logo_rom"/>
      <Option Name="UseBlackboxStub" Val="1"/>
    </Config>
  </FileSet>
  <Strategy Version="1" Minor="2">
    <StratHandle Name="Vivado Synthesis Defaults" Flow="Vivado Synthesis 2017">
      <Desc>Vivado Synthesis Defaults</Desc>
    </StratHandle>
    <Step Id="synth_design"/>
  </Strategy>
</GenRun>
