<?xml version="1.0" encoding="UTF-8"?>
<GenRun Id="synth_1" LaunchPart="xc7a35tcsg324-1" LaunchTime="1500208181">
  <File Type="RDS-PROPCONSTRS" Name="top_flyinglogo_drc_synth.rpt"/>
  <File Type="PA-TCL" Name="top_flyinglogo.tcl"/>
  <File Type="RDS-RDS" Name="top_flyinglogo.vds"/>
  <File Type="RDS-UTIL" Name="top_flyinglogo_utilization_synth.rpt"/>
  <File Type="RDS-UTIL-PB" Name="top_flyinglogo_utilization_synth.pb"/>
  <File Type="RDS-DCP" Name="top_flyinglogo.dcp"/>
  <File Type="VDS-TIMINGSUMMARY" Name="top_flyinglogo_timing_summary_synth.rpt"/>
  <File Type="VDS-TIMING-PB" Name="top_flyinglogo_timing_summary_synth.pb"/>
  <FileSet Name="sources" Type="DesignSrcs" RelSrcDir="$PSRCDIR/sources_1">
    <Filter Type="Srcs"/>
    <File Path="$PPRDIR/../../../3a-EGo1配置实验vivado2015.4_v1.2/Lab_2015.4_v1.2/project/lab6_display_vga.xpr/debounce.v">
      <FileInfo>
        <Attr Name="UsedIn" Val="synthesis"/>
        <Attr Name="UsedIn" Val="implementation"/>
        <Attr Name="UsedIn" Val="simulation"/>
      </FileInfo>
    </File>
    <File Path="$PPRDIR/../../../3a-EGo1配置实验vivado2015.4_v1.2/Lab_2015.4_v1.2/project/lab6_display_vga.xpr/vga_timing.v">
      <FileInfo>
        <Attr Name="UsedIn" Val="synthesis"/>
        <Attr Name="UsedIn" Val="implementation"/>
        <Attr Name="UsedIn" Val="simulation"/>
      </FileInfo>
    </File>
    <File Path="$PPRDIR/../../../3a-EGo1配置实验vivado2015.4_v1.2/Lab_2015.4_v1.2/project/lab6_display_vga.xpr/top_flyinglogo.v">
      <FileInfo>
        <Attr Name="UsedIn" Val="synthesis"/>
        <Attr Name="UsedIn" Val="implementation"/>
        <Attr Name="UsedIn" Val="simulation"/>
      </FileInfo>
    </File>
    <File Path="$PPRDIR/test7.coe">
      <FileInfo>
        <Attr Name="UsedIn" Val="synthesis"/>
        <Attr Name="UsedIn" Val="simulation"/>
      </FileInfo>
    </File>
    <Config>
      <Option Name="DesignMode" Val="RTL"/>
      <Option Name="TopModule" Val="top_flyinglogo"/>
      <Option Name="TopAutoSet" Val="TRUE"/>
    </Config>
  </FileSet>
  <FileSet Name="constrs_in" Type="Constrs" RelSrcDir="$PSRCDIR/constrs_1">
    <Filter Type="Constrs"/>
    <File Path="$PSRCDIR/constrs_1/new/display_vga.xdc">
      <FileInfo>
        <Attr Name="UsedIn" Val="synthesis"/>
        <Attr Name="UsedIn" Val="implementation"/>
      </FileInfo>
    </File>
    <Config>
      <Option Name="TargetConstrsFile" Val="$PSRCDIR/constrs_1/new/display_vga.xdc"/>
      <Option Name="ConstrsType" Val="XDC"/>
    </Config>
  </FileSet>
  <Strategy Version="1" Minor="2">
    <StratHandle Name="Vivado Synthesis Defaults" Flow="Vivado Synthesis 2017">
      <Desc>Vivado Synthesis Defaults</Desc>
    </StratHandle>
    <Step Id="synth_design"/>
  </Strategy>
  <BlockFileSet Type="BlockSrcs" Name="dcm_25m"/>
  <BlockFileSet Type="BlockSrcs" Name="logo_rom"/>
</GenRun>
