<?xml version="1.0" encoding="UTF-8"?>
<GenRun Id="System_microblaze_0_0_synth_1" LaunchPart="xc7a35tcsg324-1" LaunchTime="1499697517">
  <File Type="PA-TCL" Name="System_microblaze_0_0.tcl"/>
  <File Type="RDS-PROPCONSTRS" Name="System_microblaze_0_0_drc_synth.rpt"/>
  <File Type="RDS-RDS" Name="System_microblaze_0_0.vds"/>
  <File Type="RDS-UTIL" Name="System_microblaze_0_0_utilization_synth.rpt"/>
  <File Type="RDS-UTIL-PB" Name="System_microblaze_0_0_utilization_synth.pb"/>
  <File Type="RDS-DCP" Name="System_microblaze_0_0.dcp"/>
  <File Type="VDS-TIMINGSUMMARY" Name="System_microblaze_0_0_timing_summary_synth.rpt"/>
  <File Type="VDS-TIMING-PB" Name="System_microblaze_0_0_timing_summary_synth.pb"/>
  <FileSet Name="sources" Type="BlockSrcs" RelSrcDir="$PSRCDIR/System_microblaze_0_0">
    <File Path="$PSRCDIR/sources_1/bd/System/ip/System_microblaze_0_0/System_microblaze_0_0.xci">
      <FileInfo>
        <Attr Name="UsedIn" Val="synthesis"/>
        <Attr Name="UsedIn" Val="implementation"/>
        <Attr Name="UsedIn" Val="simulation"/>
      </FileInfo>
    </File>
    <Config>
      <Option Name="TopModule" Val="System_microblaze_0_0"/>
      <Option Name="UseBlackboxStub" Val="1"/>
    </Config>
  </FileSet>
  <FileSet Name="constrs_in" Type="BlockSrcs" RelSrcDir="$PSRCDIR/System_microblaze_0_0">
    <File Path="$PSRCDIR/sources_1/bd/System/ip/System_microblaze_0_0/System_microblaze_0_0.xci">
      <FileInfo>
        <Attr Name="UsedIn" Val="synthesis"/>
        <Attr Name="UsedIn" Val="implementation"/>
        <Attr Name="UsedIn" Val="simulation"/>
      </FileInfo>
    </File>
    <Config>
      <Option Name="TopModule" Val="System_microblaze_0_0"/>
      <Option Name="UseBlackboxStub" Val="1"/>
    </Config>
  </FileSet>
  <Strategy Version="1" Minor="2">
    <StratHandle Name="Vivado Synthesis Defaults" Flow="Vivado Synthesis 2017"/>
    <Step Id="synth_design"/>
  </Strategy>
</GenRun>
