<?xml version="1.0"?>
<Runs Version="1" Minor="0">
	<Run Id="System_microblaze_0_0_synth_1" LaunchDir="E:/w1/Microblaze_lab/Microblaze_lab.runs/System_microblaze_0_0_synth_1" FlowId="Vivado_Synthesis" FromStepId="vivado" ToStepId="vivado"/>
	<Run Id="System_axi_gpio_0_0_synth_1" LaunchDir="E:/w1/Microblaze_lab/Microblaze_lab.runs/System_axi_gpio_0_0_synth_1" FlowId="Vivado_Synthesis" FromStepId="vivado" ToStepId="vivado"/>
	<Run Id="System_axi_uartlite_0_0_synth_1" LaunchDir="E:/w1/Microblaze_lab/Microblaze_lab.runs/System_axi_uartlite_0_0_synth_1" FlowId="Vivado_Synthesis" FromStepId="vivado" ToStepId="vivado"/>
	<Run Id="System_mdm_1_0_synth_1" LaunchDir="E:/w1/Microblaze_lab/Microblaze_lab.runs/System_mdm_1_0_synth_1" FlowId="Vivado_Synthesis" FromStepId="vivado" ToStepId="vivado"/>
	<Run Id="System_clk_wiz_1_0_synth_1" LaunchDir="E:/w1/Microblaze_lab/Microblaze_lab.runs/System_clk_wiz_1_0_synth_1" FlowId="Vivado_Synthesis" FromStepId="vivado" ToStepId="vivado"/>
	<Run Id="System_rst_clk_wiz_1_100M_0_synth_1" LaunchDir="E:/w1/Microblaze_lab/Microblaze_lab.runs/System_rst_clk_wiz_1_100M_0_synth_1" FlowId="Vivado_Synthesis" FromStepId="vivado" ToStepId="vivado"/>
	<Run Id="System_xlconstant_0_0_synth_1" LaunchDir="E:/w1/Microblaze_lab/Microblaze_lab.runs/System_xlconstant_0_0_synth_1" FlowId="Vivado_Synthesis" FromStepId="vivado" ToStepId="vivado"/>
	<Run Id="System_xbar_0_synth_1" LaunchDir="E:/w1/Microblaze_lab/Microblaze_lab.runs/System_xbar_0_synth_1" FlowId="Vivado_Synthesis" FromStepId="vivado" ToStepId="vivado"/>
	<Run Id="System_dlmb_v10_0_synth_1" LaunchDir="E:/w1/Microblaze_lab/Microblaze_lab.runs/System_dlmb_v10_0_synth_1" FlowId="Vivado_Synthesis" FromStepId="vivado" ToStepId="vivado"/>
	<Run Id="System_ilmb_v10_0_synth_1" LaunchDir="E:/w1/Microblaze_lab/Microblaze_lab.runs/System_ilmb_v10_0_synth_1" FlowId="Vivado_Synthesis" FromStepId="vivado" ToStepId="vivado"/>
	<Run Id="System_dlmb_bram_if_cntlr_0_synth_1" LaunchDir="E:/w1/Microblaze_lab/Microblaze_lab.runs/System_dlmb_bram_if_cntlr_0_synth_1" FlowId="Vivado_Synthesis" FromStepId="vivado" ToStepId="vivado"/>
	<Run Id="System_ilmb_bram_if_cntlr_0_synth_1" LaunchDir="E:/w1/Microblaze_lab/Microblaze_lab.runs/System_ilmb_bram_if_cntlr_0_synth_1" FlowId="Vivado_Synthesis" FromStepId="vivado" ToStepId="vivado"/>
	<Run Id="System_lmb_bram_0_synth_1" LaunchDir="E:/w1/Microblaze_lab/Microblaze_lab.runs/System_lmb_bram_0_synth_1" FlowId="Vivado_Synthesis" FromStepId="vivado" ToStepId="vivado"/>
</Runs>

