<?xml version="1.0"?>
<Runs Version="1" Minor="0">
	<Run Id="clk_core_synth_1" LaunchDir="E:/w1/bt_uart/bt_uart.runs/clk_core_synth_1" FlowId="Vivado_Synthesis" FromStepId="vivado" ToStepId="vivado"/>
	<Run Id="char_fifo_synth_1" LaunchDir="E:/w1/bt_uart/bt_uart.runs/char_fifo_synth_1" FlowId="Vivado_Synthesis" FromStepId="vivado" ToStepId="vivado"/>
	<Run Id="synth_1" LaunchDir="E:/w1/bt_uart/bt_uart.runs/synth_1" FlowId="Vivado_Synthesis" FromStepId="vivado" ToStepId="vivado">
		<Parent Id="clk_core_synth_1"/>
		<Parent Id="char_fifo_synth_1"/>
	</Run>
	<Run Id="impl_1" LaunchDir="E:/w1/bt_uart/bt_uart.runs/impl_1" FlowId="Vivado_Implementation" FromStepId="init_design" ToStepId="write_bitstream">
		<Parent Id="synth_1"/>
		<Parent Id="clk_core_synth_1"/>
		<Parent Id="char_fifo_synth_1"/>
	</Run>
</Runs>

