<?xml version="1.0" encoding="UTF-8"?>
<GenRun Id="dcm_25m_synth_1" LaunchPart="xc7a35tcsg324-1" LaunchTime="1500206622">
  <File Type="RDS-PROPCONSTRS" Name="dcm_25m_drc_synth.rpt"/>
  <File Type="PA-TCL" Name="dcm_25m.tcl"/>
  <File Type="RDS-RDS" Name="dcm_25m.vds"/>
  <File Type="RDS-UTIL" Name="dcm_25m_utilization_synth.rpt"/>
  <File Type="RDS-UTIL-PB" Name="dcm_25m_utilization_synth.pb"/>
  <File Type="RDS-DCP" Name="dcm_25m.dcp"/>
  <File Type="VDS-TIMINGSUMMARY" Name="dcm_25m_timing_summary_synth.rpt"/>
  <File Type="VDS-TIMING-PB" Name="dcm_25m_timing_summary_synth.pb"/>
  <FileSet Name="sources" Type="BlockSrcs" RelSrcDir="$PSRCDIR/dcm_25m">
    <File Path="$PSRCDIR/sources_1/ip/dcm_25m/dcm_25m.xci">
      <FileInfo>
        <Attr Name="UsedIn" Val="synthesis"/>
        <Attr Name="UsedIn" Val="implementation"/>
        <Attr Name="UsedIn" Val="simulation"/>
      </FileInfo>
    </File>
    <Config>
      <Option Name="TopModule" Val="dcm_25m"/>
      <Option Name="UseBlackboxStub" Val="1"/>
    </Config>
  </FileSet>
  <FileSet Name="constrs_in" Type="BlockSrcs" RelSrcDir="$PSRCDIR/dcm_25m">
    <File Path="$PSRCDIR/sources_1/ip/dcm_25m/dcm_25m.xci">
      <FileInfo>
        <Attr Name="UsedIn" Val="synthesis"/>
        <Attr Name="UsedIn" Val="implementation"/>
        <Attr Name="UsedIn" Val="simulation"/>
      </FileInfo>
    </File>
    <Config>
      <Option Name="TopModule" Val="dcm_25m"/>
      <Option Name="UseBlackboxStub" Val="1"/>
    </Config>
  </FileSet>
  <Strategy Version="1" Minor="2">
    <StratHandle Name="Vivado Synthesis Defaults" Flow="Vivado Synthesis 2017">
      <Desc>Vivado Synthesis Defaults</Desc>
    </StratHandle>
    <Step Id="synth_design"/>
  </Strategy>
</GenRun>
