<?xml version="1.0" encoding="UTF-8"?>
<GenRun Id="synth_1" LaunchPart="xc7a35tcsg324-1" LaunchTime="1500128942">
  <File Type="RDS-PROPCONSTRS" Name="Smart_responder_drc_synth.rpt"/>
  <File Type="PA-TCL" Name="Smart_responder.tcl"/>
  <File Type="RDS-RDS" Name="Smart_responder.vds"/>
  <File Type="RDS-UTIL" Name="Smart_responder_utilization_synth.rpt"/>
  <File Type="RDS-UTIL-PB" Name="Smart_responder_utilization_synth.pb"/>
  <File Type="RDS-DCP" Name="Smart_responder.dcp"/>
  <File Type="VDS-TIMINGSUMMARY" Name="Smart_responder_timing_summary_synth.rpt"/>
  <File Type="VDS-TIMING-PB" Name="Smart_responder_timing_summary_synth.pb"/>
  <FileSet Name="sources" Type="DesignSrcs" RelSrcDir="$PSRCDIR/sources_1">
    <Filter Type="Srcs"/>
    <File Path="$PPRDIR/../../../3a-EGo1配置实验vivado2015.4_v1.2/Lab_2015.4_v1.2/project/lab2_Smart_responder.xpr/count_down.v">
      <FileInfo>
        <Attr Name="UsedIn" Val="synthesis"/>
        <Attr Name="UsedIn" Val="implementation"/>
        <Attr Name="UsedIn" Val="simulation"/>
      </FileInfo>
    </File>
    <File Path="$PPRDIR/../../../3a-EGo1配置实验vivado2015.4_v1.2/Lab_2015.4_v1.2/project/lab2_Smart_responder.xpr/push_detect.v">
      <FileInfo>
        <Attr Name="UsedIn" Val="synthesis"/>
        <Attr Name="UsedIn" Val="implementation"/>
        <Attr Name="UsedIn" Val="simulation"/>
      </FileInfo>
    </File>
    <File Path="$PPRDIR/../../../3a-EGo1配置实验vivado2015.4_v1.2/Lab_2015.4_v1.2/project/lab2_Smart_responder.xpr/show_who.v">
      <FileInfo>
        <Attr Name="UsedIn" Val="synthesis"/>
        <Attr Name="UsedIn" Val="implementation"/>
        <Attr Name="UsedIn" Val="simulation"/>
      </FileInfo>
    </File>
    <File Path="$PPRDIR/../../../3a-EGo1配置实验vivado2015.4_v1.2/Lab_2015.4_v1.2/project/lab2_Smart_responder.xpr/Smart_responder.v">
      <FileInfo>
        <Attr Name="UsedIn" Val="synthesis"/>
        <Attr Name="UsedIn" Val="implementation"/>
        <Attr Name="UsedIn" Val="simulation"/>
      </FileInfo>
    </File>
    <Config>
      <Option Name="DesignMode" Val="RTL"/>
      <Option Name="TopModule" Val="Smart_responder"/>
      <Option Name="TopAutoSet" Val="TRUE"/>
    </Config>
  </FileSet>
  <FileSet Name="constrs_in" Type="Constrs" RelSrcDir="$PSRCDIR/constrs_1">
    <Filter Type="Constrs"/>
    <File Path="$PPRDIR/../../../3a-EGo1配置实验vivado2015.4_v1.2/Lab_2015.4_v1.2/project/lab2_Smart_responder.xpr/Smart_responder.xdc">
      <FileInfo>
        <Attr Name="UsedIn" Val="synthesis"/>
        <Attr Name="UsedIn" Val="implementation"/>
      </FileInfo>
    </File>
    <Config>
      <Option Name="ConstrsType" Val="XDC"/>
    </Config>
  </FileSet>
  <Strategy Version="1" Minor="2">
    <StratHandle Name="Vivado Synthesis Defaults" Flow="Vivado Synthesis 2017">
      <Desc>Vivado Synthesis Defaults</Desc>
    </StratHandle>
    <Step Id="synth_design"/>
  </Strategy>
</GenRun>
