<?xml version="1.0" encoding="UTF-8"?>
<GenRun Id="impl_1" LaunchPart="xc7a35tcsg324-1" LaunchTime="1499698737">
  <File Type="ROUTE-PWR-RPX" Name="System_wrapper_power_routed.rpx"/>
  <File Type="PA-TCL" Name="System_wrapper.tcl"/>
  <File Type="INIT-TIMING" Name="System_wrapper_timing_summary_init.rpt"/>
  <File Type="OPT-METHODOLOGY-DRC" Name="System_wrapper_methodology_drc_opted.rpt"/>
  <File Type="PWROPT-DRC" Name="System_wrapper_drc_pwropted.rpt"/>
  <File Type="RDI-RDI" Name="System_wrapper.vdi"/>
  <File Type="OPT-DCP" Name="System_wrapper_opt.dcp"/>
  <File Type="OPT-HWDEF" Name="System_wrapper.hwdef"/>
  <File Type="OPT-DRC" Name="System_wrapper_drc_opted.rpt"/>
  <File Type="OPT-TIMING" Name="System_wrapper_timing_summary_opted.rpt"/>
  <File Type="PWROPT-DCP" Name="System_wrapper_pwropt.dcp"/>
  <File Type="PWROPT-TIMING" Name="System_wrapper_timing_summary_pwropted.rpt"/>
  <File Type="PLACE-DCP" Name="System_wrapper_placed.dcp"/>
  <File Type="PLACE-IO" Name="System_wrapper_io_placed.rpt"/>
  <File Type="PLACE-CLK" Name="System_wrapper_clock_utilization_placed.rpt"/>
  <File Type="PLACE-UTIL" Name="System_wrapper_utilization_placed.rpt"/>
  <File Type="PLACE-UTIL-PB" Name="System_wrapper_utilization_placed.pb"/>
  <File Type="PLACE-CTRL" Name="System_wrapper_control_sets_placed.rpt"/>
  <File Type="PLACE-SIMILARITY" Name="System_wrapper_incremental_reuse_placed.rpt"/>
  <File Type="PLACE-PRE-SIMILARITY" Name="System_wrapper_incremental_reuse_pre_placed.rpt"/>
  <File Type="PLACE-TIMING" Name="System_wrapper_timing_summary_placed.rpt"/>
  <File Type="POSTPLACE-PWROPT-DCP" Name="System_wrapper_postplace_pwropt.dcp"/>
  <File Type="POSTPLACE-PWROPT-TIMING" Name="System_wrapper_timing_summary_postplace_pwropted.rpt"/>
  <File Type="PHYSOPT-DCP" Name="System_wrapper_physopt.dcp"/>
  <File Type="PHYSOPT-DRC" Name="System_wrapper_drc_physopted.rpt"/>
  <File Type="PHYSOPT-TIMING" Name="System_wrapper_timing_summary_physopted.rpt"/>
  <File Type="ROUTE-ERROR-DCP" Name="System_wrapper_routed_error.dcp"/>
  <File Type="ROUTE-DCP" Name="System_wrapper_routed.dcp"/>
  <File Type="ROUTE-BLACKBOX-DCP" Name="System_wrapper_routed_bb.dcp"/>
  <File Type="ROUTE-DRC" Name="System_wrapper_drc_routed.rpt"/>
  <File Type="ROUTE-DRC-PB" Name="System_wrapper_drc_routed.pb"/>
  <File Type="ROUTE-DRC-RPX" Name="System_wrapper_drc_routed.rpx"/>
  <File Type="BG-BIN" Name="System_wrapper.bin"/>
  <File Type="ROUTE-METHODOLOGY-DRC" Name="System_wrapper_methodology_drc_routed.rpt"/>
  <File Type="BG-DRC" Name="System_wrapper.drc"/>
  <File Type="ROUTE-METHODOLOGY-DRC-RPX" Name="System_wrapper_methodology_drc_routed.rpx"/>
  <File Type="BITSTR-MSK" Name="System_wrapper.msk"/>
  <File Type="ROUTE-METHODOLOGY-DRC-PB" Name="System_wrapper_methodology_drc_routed.pb"/>
  <File Type="BG-BGN" Name="System_wrapper.bgn"/>
  <File Type="ROUTE-PWR" Name="System_wrapper_power_routed.rpt"/>
  <File Type="ROUTE-PWR-SUM" Name="System_wrapper_power_summary_routed.pb"/>
  <File Type="ROUTE-STATUS" Name="System_wrapper_route_status.rpt"/>
  <File Type="ROUTE-STATUS-PB" Name="System_wrapper_route_status.pb"/>
  <File Type="ROUTE-TIMINGSUMMARY" Name="System_wrapper_timing_summary_routed.rpt"/>
  <File Type="ROUTE-TIMING-PB" Name="System_wrapper_timing_summary_routed.pb"/>
  <File Type="ROUTE-TIMING-RPX" Name="System_wrapper_timing_summary_routed.rpx"/>
  <File Type="ROUTE-SIMILARITY" Name="System_wrapper_incremental_reuse_routed.rpt"/>
  <File Type="ROUTE-CLK" Name="System_wrapper_clock_utilization_routed.rpt"/>
  <File Type="POSTROUTE-PHYSOPT-DCP" Name="System_wrapper_postroute_physopt.dcp"/>
  <File Type="POSTROUTE-PHYSOPT-BLACKBOX-DCP" Name="System_wrapper_postroute_physopt_bb.dcp"/>
  <File Type="POSTROUTE-PHYSOPT-TIMING" Name="System_wrapper_timing_summary_postroute_physopted.rpt"/>
  <File Type="POSTROUTE-PHYSOPT-TIMING-PB" Name="System_wrapper_timing_summary_postroute_physopted.pb"/>
  <File Type="POSTROUTE-PHYSOPT-TIMING-RPX" Name="System_wrapper_timing_summary_postroute_physopted.rpx"/>
  <File Type="BG-BIT" Name="System_wrapper.bit"/>
  <File Type="BITSTR-RBT" Name="System_wrapper.rbt"/>
  <File Type="BITSTR-NKY" Name="System_wrapper.nky"/>
  <File Type="BITSTR-BMM" Name="System_wrapper_bd.bmm"/>
  <File Type="BITSTR-MMI" Name="System_wrapper.mmi"/>
  <File Type="BITSTR-SYSDEF" Name="System_wrapper.sysdef"/>
  <File Type="WBT-USG" Name="usage_statistics_webtalk.html"/>
  <FileSet Name="sources" Type="DesignSrcs" RelSrcDir="$PSRCDIR/sources_1">
    <Filter Type="Srcs"/>
    <File Path="$PSRCDIR/sources_1/bd/System/System.bd">
      <FileInfo>
        <Attr Name="UsedIn" Val="synthesis"/>
        <Attr Name="UsedIn" Val="implementation"/>
        <Attr Name="UsedIn" Val="simulation"/>
      </FileInfo>
    </File>
    <File Path="$PSRCDIR/sources_1/bd/System/hdl/System_wrapper.v">
      <FileInfo>
        <Attr Name="UsedIn" Val="synthesis"/>
        <Attr Name="UsedIn" Val="implementation"/>
        <Attr Name="UsedIn" Val="simulation"/>
      </FileInfo>
    </File>
    <Config>
      <Option Name="DesignMode" Val="RTL"/>
      <Option Name="TopModule" Val="System_wrapper"/>
      <Option Name="TopAutoSet" Val="TRUE"/>
    </Config>
  </FileSet>
  <FileSet Name="constrs_in" Type="Constrs" RelSrcDir="$PSRCDIR/constrs_1">
    <Filter Type="Constrs"/>
    <File Path="$PSRCDIR/constrs_1/new/MB.xdc">
      <FileInfo>
        <Attr Name="UsedIn" Val="synthesis"/>
        <Attr Name="UsedIn" Val="implementation"/>
      </FileInfo>
    </File>
    <Config>
      <Option Name="TargetConstrsFile" Val="$PSRCDIR/constrs_1/new/MB.xdc"/>
      <Option Name="ConstrsType" Val="XDC"/>
    </Config>
  </FileSet>
  <Strategy Version="1" Minor="2">
    <StratHandle Name="Vivado Implementation Defaults" Flow="Vivado Implementation 2017"/>
    <Step Id="init_design"/>
    <Step Id="opt_design"/>
    <Step Id="power_opt_design"/>
    <Step Id="place_design"/>
    <Step Id="post_place_power_opt_design"/>
    <Step Id="phys_opt_design"/>
    <Step Id="route_design"/>
    <Step Id="post_route_phys_opt_design"/>
    <Step Id="write_bitstream"/>
  </Strategy>
  <BlockFileSet Type="BlockSrcs" Name="System_microblaze_0_0"/>
  <BlockFileSet Type="BlockSrcs" Name="System_axi_gpio_0_0"/>
  <BlockFileSet Type="BlockSrcs" Name="System_clk_wiz_1_0"/>
  <BlockFileSet Type="BlockSrcs" Name="System_axi_uartlite_0_0"/>
  <BlockFileSet Type="BlockSrcs" Name="System_rst_clk_wiz_1_100M_0"/>
  <BlockFileSet Type="BlockSrcs" Name="System_mdm_1_0"/>
  <BlockFileSet Type="BlockSrcs" Name="System_xlconstant_0_0"/>
  <BlockFileSet Type="BlockSrcs" Name="System_xbar_0"/>
  <BlockFileSet Type="BlockSrcs" Name="System_dlmb_v10_0"/>
  <BlockFileSet Type="BlockSrcs" Name="System_ilmb_v10_0"/>
  <BlockFileSet Type="BlockSrcs" Name="System_dlmb_bram_if_cntlr_0"/>
  <BlockFileSet Type="BlockSrcs" Name="System_ilmb_bram_if_cntlr_0"/>
  <BlockFileSet Type="BlockSrcs" Name="System_lmb_bram_0"/>
</GenRun>
